{
  "version": 1,
  "feature_names": [
    "daily_return",
    "five_day_return",
    "ten_day_return",
    "ma_gap",
    "volatility",
    "volume_pressure",
    "range_position"
  ],
  "means": [
    0.00112064063424748,
    0.006947816509428389,
    0.017589718563905378,
    0.013640182611975013,
    0.0035123560870818733,
    0.0181468751548173,
    0.5334820701938342
  ],
  "scales": [
    0.008316197084291314,
    0.040062715721316824,
    0.07718603110582928,
    0.051323047197612943,
    0.0018540440298405153,
    0.07432345291624748,
    0.3761271216170881
  ],
  "weights": [
    -2.47584539121393,
    13.455130927102738,
    -5.520598087191471,
    1.3505766981909366,
    0.4708800868745933,
    -0.7317599614506194,
    -1.9458725669921961
  ],
  "bias": 0.49743885865455684,
  "training_rows": 129,
  "training_accuracy": 0.8914728682170543
}