{
  "version": 1,
  "feature_names": [
    "avg_motion",
    "peak_motion",
    "signal_energy",
    "breathing_band",
    "walking_band",
    "left_right_balance",
    "profile_shape"
  ],
  "means": [
    0.6122622340425532,
    0.763604640957447,
    3.2776122794362723,
    0.08312132042264411,
    0.03137758789618157,
    -0.003384269216077346,
    0.1479926127304964
  ],
  "scales": [
    0.28428972522747736,
    0.5749661539219333,
    1.9956809084348843,
    0.06700478852988669,
    0.025628949037945447,
    0.011715444086177708,
    0.5091992468041607
  ],
  "profiles": {
    "empty": [
      -1.3892672837283104,
      -0.754332364607909,
      -1.5154477443304237,
      -0.9691168083280761,
      -1.149626596711127,
      0.2645336220025377,
      -0.23094755746773213
    ],
    "Aarav_walking": [
      0.720325286378881,
      0.6165223312849414,
      1.1729650951049544,
      -0.10042116263332383,
      -0.5305328902833509,
      -1.2812714636533804,
      1.2667919902041629
    ],
    "Maya_walking": [
      -0.3579735875737105,
      -0.24584654605594894,
      0.11357907439421265,
      1.2624974165926852,
      0.47651076025140493,
      1.3464230866284295,
      -1.3607335286100106
    ],
    "visitor_moving": [
      1.1202715471888798,
      0.41853445023154484,
      0.24971299072500816,
      -0.21050121341594819,
      1.3130713382651698,
      -0.3596566308846402,
      0.3544244682257233
    ]
  },
  "training_windows": 47,
  "labels": [
    "Aarav_walking",
    "Maya_walking",
    "empty",
    "visitor_moving"
  ]
}